episode,timestep,episode_reward,episode_length,action_std,termination_reason
0,23,-7.200000000000001,23,0.2,collision
1,1,128,1.88102518221998e+16,0.8243016501267751,-18.287948608398438,0.2,-0.1,-10.499999999999979
1,137,-16.299999999999976,114.0,0.2,collision
2,181,-9.3,44.0,0.2,collision
3,195,-6.3,14.0,0.2,collision
4,206,-6.0,11.0,0.2,collision
5,217,-6.0,11.0,0.2,collision
6,232,-6.4,15.0,0.2,collision
7,247,-6.4,15.0,0.2,collision
8,2,256,1.0665435075239776e+17,0.44383426290005445,-18.287948608398438,0.2,-0.1,-0.8999999999999999
8,274,-7.600000000000001,27.0,0.2,collision
9,286,-6.1,12.0,0.2,collision
10,333,-9.6,47.0,0.2,collision
11,346,-6.2,13.0,0.2,collision
12,357,-6.0,11.0,0.2,collision
13,374,-6.6000000000000005,17.0,0.2,collision
14,3,384,4.680924952323145e+19,0.4490664731711149,-18.287948608398438,0.2,-0.1,-0.9999999999999999
14,388,-6.3,14.0,0.2,collision
15,400,-6.1,12.0,0.2,collision
16,412,-6.1,12.0,0.2,collision
17,421,-5.8,9.0,0.2,collision
18,430,-5.8,9.0,0.2,collision
19,442,-1.2,12.0,0.2,collision
20,455,-6.2,13.0,0.2,collision
21,467,-6.1,12.0,0.2,collision
22,477,-5.9,10.0,0.2,collision
23,493,-6.5,16.0,0.2,collision
24,504,-6.0,11.0,0.2,collision
25,4,512,5.0529835974994176e+17,0.43994024271766347,-18.287948608398438,0.2,-0.1,-0.7999999999999999
25,521,-6.6000000000000005,17.0,0.2,collision
26,534,-1.3,13.0,0.2,collision
27,553,-6.800000000000001,19.0,0.2,collision
28,565,-6.1,12.0,0.2,collision
29,575,-5.9,10.0,0.2,collision
30,587,-6.1,12.0,0.2,collision
31,600,-6.2,13.0,0.2,collision
32,609,-5.8,9.0,0.2,collision
33,619,-5.9,10.0,0.2,collision
34,629,-5.9,10.0,0.2,collision
35,639,-5.9,10.0,0.2,collision
36,5,640,5.627123292869441e+19,0.4858546120425065,-18.287948608398438,0.2,-0.1,-0.1
36,649,-5.9,10.0,0.2,collision
37,662,-6.2,13.0,0.2,collision
38,678,-6.5,16.0,0.2,collision
39,688,-0.9999999999999999,10.0,0.2,collision
40,697,-5.8,9.0,0.2,collision
41,708,-6.0,11.0,0.2,collision
42,719,-6.0,11.0,0.2,collision
43,731,-6.1,12.0,0.2,collision
44,741,-5.9,10.0,0.2,collision
45,756,-6.4,15.0,0.2,collision
46,6,768,1.9545985163344564e+19,0.51550218090415,-18.287948608398438,0.2,-5.0,-6.1
46,768,-6.1,12.0,0.2,collision
47,781,-6.2,13.0,0.2,collision
48,789,-5.7,8.0,0.2,collision
49,801,-6.1,12.0,0.2,collision
50,814,-6.2,13.0,0.2,collision
51,828,-6.3,14.0,0.2,collision
52,838,-5.9,10.0,0.2,collision
53,848,-5.9,10.0,0.2,collision
54,859,-6.0,11.0,0.2,collision
55,869,-5.9,10.0,0.2,collision
56,882,-6.2,13.0,0.2,collision
57,893,-6.0,11.0,0.2,collision
0,11,-6.0,22.0,0.2,collision
0,22,-7.1000000000000005,25.0,0.2,collision
1,34,-6.1,12.0,0.2,collision
2,44,-5.9,10.0,0.2,collision
3,55,-6.0,11.0,0.2,collision
4,64,-5.8,9.0,0.2,collision
5,78,-6.3,14.0,0.2,collision
6,88,-5.9,10.0,0.2,collision
7,99,-6.0,11.0,0.2,collision
8,118,-6.800000000000001,19.0,0.2,collision
9,127,-5.8,9.0,0.2,collision
10,1,128,1.8196413063443935e+21,0.5453336089849472,-18.287948608398438,0.2,-0.1,-0.1
10,140,-6.2,13.0,0.2,collision
11,152,-6.1,12.0,0.2,collision
12,165,-6.2,13.0,0.2,collision
13,173,-5.7,8.0,0.2,collision
14,185,-6.1,12.0,0.2,collision
15,245,-10.899999999999995,60.0,0.2,collision
16,2,256,2.915770389431495e+18,0.5859513518710932,-18.287948608398438,0.2,-0.1,-1.0999999999999999
16,262,-6.6000000000000005,17.0,0.2,collision
17,279,-6.6000000000000005,17.0,0.2,collision
18,288,-5.8,9.0,0.2,collision
19,302,-6.3,14.0,0.2,collision
20,312,-5.9,10.0,0.2,collision
21,326,-6.3,14.0,0.2,collision
22,337,-6.0,11.0,0.2,collision
23,349,-6.1,12.0,0.2,collision
24,358,-5.8,9.0,0.2,collision
25,372,-6.3,14.0,0.2,collision
26,381,-0.8999999999999999,9.0,0.2,collision
27,3,384,6.722491351847451e+20,0.49916714678208035,-18.287948608398438,0.2,-0.1,-0.30000000000000004
27,392,-6.0,11.0,0.2,collision
28,408,-6.5,16.0,0.2,collision
29,418,-5.9,10.0,0.2,collision
30,427,-5.8,9.0,0.2,collision
31,436,-5.8,9.0,0.2,collision
32,452,-6.5,16.0,0.2,collision
33,477,-7.4,25.0,0.2,collision
34,492,-6.4,15.0,0.2,collision
35,500,-5.7,8.0,0.2,collision
36,4,512,1.2556194861470245e+19,2.607263635098934,-18.287948608398438,0.2,-0.1,-1.2
36,519,-1.9000000000000006,19.0,0.2,collision
37,527,-5.7,8.0,0.2,collision
38,540,-6.2,13.0,0.2,collision
39,602,-11.099999999999994,62.0,0.2,collision
40,613,-6.0,11.0,0.2,collision
41,622,-5.8,9.0,0.2,collision
42,632,-5.9,10.0,0.2,collision
43,5,640,1.1447756827737093e+17,0.4682680442929268,-18.287948608398438,0.2,-0.1,-0.7999999999999999
43,652,-6.9,20.0,0.2,collision
44,674,-7.1000000000000005,22.0,0.2,collision
45,687,-6.2,13.0,0.2,collision
46,695,-5.7,8.0,0.2,collision
47,704,-5.8,9.0,0.2,collision
48,715,-6.0,11.0,0.2,collision
49,734,-6.800000000000001,19.0,0.2,collision
50,746,-6.1,12.0,0.2,collision
51,757,-6.0,11.0,0.2,collision
52,766,-5.8,9.0,0.2,collision
53,6,768,2.296722035738411e+18,0.5128574073314667,-18.287948608398438,0.2,-0.1,-0.2
53,779,-6.2,13.0,0.2,collision
54,795,-6.5,16.0,0.2,collision
55,805,-5.9,10.0,0.2,collision
56,820,-6.4,15.0,0.2,collision
57,832,-6.1,12.0,0.2,collision
58,845,-6.2,13.0,0.2,collision
59,855,-5.9,10.0,0.2,collision
60,866,-6.0,11.0,0.2,collision
61,877,-6.0,11.0,0.2,collision
62,892,-6.4,15.0,0.2,collision
63,7,896,6.661754994194741e+21,0.4542868758241336,-18.287948608398438,0.2,-0.1,-0.4
63,905,-6.2,13.0,0.2,collision
64,914,-5.8,9.0,0.2,collision
65,927,-1.3,13.0,0.2,collision
66,935,-5.7,8.0,0.2,collision
67,944,-5.8,9.0,0.2,collision
68,952,-5.7,8.0,0.2,collision
69,961,-5.8,9.0,0.2,collision
70,973,-6.1,12.0,0.2,collision
71,983,-5.9,10.0,0.2,collision
72,992,-5.8,9.0,0.2,collision
73,1002,-5.9,10.0,0.2,collision
74,1011,-5.8,9.0,0.2,collision
75,1021,-5.9,10.0,0.2,collision
76,8,1024,4.746257728254802e+20,0.48769407471021015,-18.287948608398438,0.2,-0.1,-0.30000000000000004
76,1031,-5.9,10.0,0.2,collision
77,1039,-5.7,8.0,0.2,collision
78,1052,-6.2,13.0,0.2,collision
79,1067,-6.4,15.0,0.2,collision
80,1077,-5.9,10.0,0.2,collision
81,1090,-6.2,13.0,0.2,collision
82,1101,-6.0,11.0,0.2,collision
83,1109,-5.7,8.0,0.2,collision
84,1127,-6.7,18.0,0.2,collision
85,1136,-5.8,9.0,0.2,collision
86,1148,-6.1,12.0,0.2,collision
87,9,1152,1.387719994998224e+21,0.5316889869670073,-18.287948608398438,0.2,-0.1,-0.4
87,1160,-6.1,12.0,0.2,collision
88,1170,-5.9,10.0,0.2,collision
89,1182,-6.1,12.0,0.2,collision
90,1190,-5.7,8.0,0.2,collision
91,1215,-7.4,25.0,0.2,collision
92,1223,-5.7,8.0,0.2,collision
93,1235,-6.1,12.0,0.2,collision
94,1244,-5.8,9.0,0.2,collision
95,1253,-5.8,9.0,0.2,collision
96,1262,-5.8,9.0,0.2,collision
97,1275,-6.2,13.0,0.2,collision
98,10,1280,2.464909332221505e+22,0.5698593944311142,-18.287948608398438,0.2,-0.1,-0.5
98,1295,-6.9,20.0,0.2,collision
99,1311,-6.5,16.0,0.2,collision
100,1327,-6.5,16.0,0.2,collision
101,1338,-6.0,11.0,0.2,collision
102,1357,-6.800000000000001,19.0,0.2,collision
103,1367,-5.9,10.0,0.2,collision
104,1380,-6.2,13.0,0.2,collision
105,1398,-6.7,18.0,0.2,collision
106,11,1408,1.201206819028992e+16,0.5307575613260269,-18.287948608398438,0.2,-5.0,-5.9
106,1408,-5.9,10.0,0.2,collision
107,1421,-6.2,13.0,0.2,collision
108,1431,-5.9,10.0,0.2,collision
109,1440,-5.8,9.0,0.2,collision
110,1453,-6.2,13.0,0.2,collision
111,1464,-6.0,11.0,0.2,collision
112,1484,-6.9,20.0,0.2,collision
113,1495,-6.0,11.0,0.2,collision
114,1505,-0.9999999999999999,10.0,0.2,collision
115,1513,-5.7,8.0,0.2,collision
116,12,1536,7.736276915882172e+19,0.5721387006342411,-18.287948608398438,0.2,-0.1,-2.3000000000000007
116,1541,-7.700000000000001,28.0,0.2,collision
117,1550,-5.8,9.0,0.2,collision
118,1560,-5.9,10.0,0.2,collision
119,1569,-5.8,9.0,0.2,collision
120,1577,-5.7,8.0,0.2,collision
121,1590,-1.3,13.0,0.2,collision
122,1597,-5.6,7.0,0.2,collision
123,1614,-6.6000000000000005,17.0,0.2,collision
124,1624,-5.9,10.0,0.2,collision
125,1635,-6.0,11.0,0.2,collision
126,1642,-5.6,7.0,0.2,collision
127,1653,-6.0,11.0,0.2,collision
128,13,1664,8.008738442848904e+22,0.5426656877001127,-18.287948608398438,0.2,-0.1,-1.0999999999999999
128,1667,-6.3,14.0,0.2,collision
129,1676,-5.8,9.0,0.2,collision
130,1685,-5.8,9.0,0.2,collision
131,1697,-6.1,12.0,0.2,collision
132,1712,-6.4,15.0,0.2,collision
133,1726,-6.3,14.0,0.2,collision
134,1741,-6.4,15.0,0.2,collision
135,1752,-6.0,11.0,0.2,collision
136,1761,-5.8,9.0,0.2,collision
137,1770,-5.8,9.0,0.2,collision
138,1779,-5.8,9.0,0.2,collision
139,14,1792,1.1119301703273315e+20,0.5530692674219608,-18.287948608398438,0.2,-5.0,-6.2
139,1792,-6.2,13.0,0.2,collision
140,1824,-8.100000000000001,32.0,0.2,collision
141,1840,-6.5,16.0,0.2,collision
142,1849,-5.8,9.0,0.2,collision
143,1861,-6.1,12.0,0.2,collision
144,1872,-6.0,11.0,0.2,collision
145,1880,-5.7,8.0,0.2,collision
146,1895,-6.4,15.0,0.2,collision
147,1906,-6.0,11.0,0.2,collision
148,1915,-5.8,9.0,0.2,collision
149,15,1920,5.987716704258245e+20,0.5352707964678606,-18.287948608398438,0.2,-0.1,-0.5
149,1924,-5.8,9.0,0.2,collision
150,1934,-5.9,10.0,0.2,collision
151,1947,-6.2,13.0,0.2,collision
152,1959,-6.1,12.0,0.2,collision
153,1969,-5.9,10.0,0.2,collision
154,1987,-6.7,18.0,0.2,collision
155,2000,-6.2,13.0,0.2,collision
156,2008,-5.7,8.0,0.2,collision
157,2017,-5.8,9.0,0.2,collision
158,2028,-6.0,11.0,0.2,collision
159,2039,-6.0,11.0,0.2,collision
160,16,2048,2.0862719596807705e+22,0.6102268509566784,-18.287948608398438,0.2,-0.1,-0.8999999999999999
160,2049,-5.9,10.0,0.2,collision
161,2059,-5.9,10.0,0.2,collision
162,2069,-5.9,10.0,0.2,collision
163,2081,-6.1,12.0,0.2,collision
164,2106,-7.4,25.0,0.2,collision
165,2116,-0.9999999999999999,10.0,0.2,collision
166,2126,-0.9999999999999999,10.0,0.2,collision
167,2135,-5.8,9.0,0.2,collision
168,2146,-6.0,11.0,0.2,collision
169,2157,-6.0,11.0,0.2,collision
170,2168,-6.0,11.0,0.2,collision
171,17,2176,9.482289329031506e+19,0.49611585463086766,-18.287948608398438,0.2,-0.1,-0.7999999999999999
171,2179,-6.0,11.0,0.2,collision
172,2187,-5.7,8.0,0.2,collision
173,2200,-1.3,13.0,0.2,collision
174,2222,-7.1000000000000005,22.0,0.2,collision
175,2232,-5.9,10.0,0.2,collision
176,2242,-5.9,10.0,0.2,collision
177,2255,-6.2,13.0,0.2,collision
178,2266,-6.0,11.0,0.2,collision
179,2285,-1.9000000000000006,19.0,0.2,collision
180,2293,-5.7,8.0,0.2,collision
181,18,2304,3.6357256396958796e+21,0.5767193958163261,-18.287948608398438,0.2,-5.0,-6.0
181,2304,-6.0,11.0,0.2,collision
182,2314,-5.9,10.0,0.2,collision
183,2325,-6.0,11.0,0.2,collision
184,2337,-6.1,12.0,0.2,collision
185,2353,-6.5,16.0,0.2,collision
186,2362,-5.8,9.0,0.2,collision
187,2370,-5.7,8.0,0.2,collision
188,2383,-6.2,13.0,0.2,collision
189,2392,-5.8,9.0,0.2,collision
190,2403,-6.0,11.0,0.2,collision
191,2411,-5.7,8.0,0.2,collision
192,2421,-5.9,10.0,0.2,collision
193,2430,-5.8,9.0,0.2,collision
194,19,2432,7.154237878978317e+20,0.612318079918623,-18.287948608398438,0.2,-0.1,-0.2
194,2441,-1.0999999999999999,11.0,0.2,collision
195,2448,-5.6,7.0,0.2,collision
196,2457,-5.8,9.0,0.2,collision
197,2470,-1.3,13.0,0.2,collision
198,2479,-0.8999999999999999,9.0,0.2,collision
199,2487,-5.7,8.0,0.2,collision
200,2497,-5.9,10.0,0.2,collision
201,2512,-6.4,15.0,0.2,collision
202,2522,-5.9,10.0,0.2,collision
203,2535,-6.2,13.0,0.2,collision
204,2544,-5.8,9.0,0.2,collision
205,2553,-5.8,9.0,0.2,collision
206,20,2560,1.2191633877617345e+19,0.6021779924631119,-18.287948608398438,0.2,-0.1,-0.7
206,2562,-5.8,9.0,0.2,collision
207,2575,-6.2,13.0,0.2,collision
208,2583,-5.7,8.0,0.2,collision
209,2597,-6.3,14.0,0.2,collision
210,2615,-6.7,18.0,0.2,collision
211,2627,-6.1,12.0,0.2,collision
212,2641,-1.4000000000000001,14.0,0.2,collision
213,2649,-5.7,8.0,0.2,collision
214,2666,-6.6000000000000005,17.0,0.2,collision
215,2677,-6.0,11.0,0.2,collision
216,21,2688,2.646715679784892e+21,0.5081569515168667,-18.287948608398438,0.2,-0.1,-1.0999999999999999
216,2691,-6.3,14.0,0.2,collision
217,2705,-1.4000000000000001,14.0,0.2,collision
218,2714,-5.8,9.0,0.2,collision
219,2724,-5.9,10.0,0.2,collision
220,2734,-5.9,10.0,0.2,collision
221,2744,-5.9,10.0,0.2,collision
222,2753,-5.8,9.0,0.2,collision
223,2763,-0.9999999999999999,10.0,0.2,collision
224,2770,-5.6,7.0,0.2,collision
0,11,-6.0,13.0,0.2,collision
1,23,-6.1,12.0,0.2,collision
2,35,-6.1,12.0,0.2,collision
3,45,-0.9999999999999999,10.0,0.2,collision
4,62,-6.6000000000000005,17.0,0.2,collision
5,78,-6.5,16.0,0.2,collision
6,89,-6.0,11.0,0.2,collision
7,98,-5.8,9.0,0.2,collision
8,116,-6.7,18.0,0.2,collision
9,127,-6.0,11.0,0.2,collision
10,1,128,4.8613055956825984e+20,0.5681282157699267,-18.287948608398438,0.2,-0.1,-0.1
10,137,-0.9999999999999999,10.0,0.2,collision
11,160,-7.200000000000001,23.0,0.2,collision
12,178,-6.7,18.0,0.2,collision
13,185,-5.6,7.0,0.2,collision
14,208,-7.200000000000001,23.0,0.2,collision
15,216,-5.7,8.0,0.2,collision
16,231,-6.4,15.0,0.2,collision
17,246,-6.4,15.0,0.2,collision
18,2,256,9.74362717056737e+19,0.6466510308285555,-18.287948608398438,0.2,-0.1,-0.9999999999999999
18,262,-6.5,16.0,0.2,collision
19,273,-6.0,11.0,0.2,collision
20,282,-5.8,9.0,0.2,collision
21,293,-6.0,11.0,0.2,collision
22,310,-6.6000000000000005,17.0,0.2,collision
23,322,-1.2,12.0,0.2,collision
24,332,-5.9,10.0,0.2,collision
25,341,-5.8,9.0,0.2,collision
26,352,-6.0,11.0,0.2,collision
27,364,-6.1,12.0,0.2,collision
28,373,-5.8,9.0,0.2,collision
29,3,384,3.448853476869612e+21,0.5216388801733652,-18.287948608398438,0.2,-5.0,-6.0
29,384,-6.0,11.0,0.2,collision
30,393,-5.8,9.0,0.2,collision
31,407,-6.3,14.0,0.2,collision
32,417,-5.9,10.0,0.2,collision
33,429,-6.1,12.0,0.2,collision
34,438,-5.8,9.0,0.2,collision
35,452,-6.3,14.0,0.2,collision
36,462,-5.9,10.0,0.2,collision
37,478,-6.5,16.0,0.2,collision
38,489,-6.0,11.0,0.2,collision
39,499,-5.9,10.0,0.2,collision
40,511,-6.1,12.0,0.2,collision
41,4,512,4.208900509380955e+19,0.5427151980499426,-18.287948608398438,0.2,-0.1,-0.1
0,13,-1.3,15.0,0.2,collision
1,20,-5.6,7.0,0.2,collision
2,30,-5.9,10.0,0.2,collision
3,38,-5.7,8.0,0.2,collision
4,48,-5.9,10.0,0.2,collision
5,61,-6.2,13.0,0.2,collision
6,72,-6.0,11.0,0.2,collision
7,91,-6.800000000000001,19.0,0.2,collision
8,97,-5.5,6.0,0.2,collision
9,118,-2.1000000000000005,21.0,0.2,collision
10,125,-5.6,7.0,0.2,collision
11,1,128,8.090734676672736e+20,0.5648088827729225,-18.287948608398438,0.2,-0.1,-0.30000000000000004
11,134,-5.8,9.0,0.2,collision
12,145,-6.0,11.0,0.2,collision
13,156,-6.0,11.0,0.2,collision
14,162,-5.5,6.0,0.2,collision
15,170,-5.7,8.0,0.2,collision
16,179,-5.8,9.0,0.2,collision
17,195,-6.5,16.0,0.2,collision
18,205,-5.9,10.0,0.2,collision
19,215,-5.9,10.0,0.2,collision
20,232,-6.6000000000000005,17.0,0.2,collision
21,244,-6.1,12.0,0.2,collision
22,2,256,6.5227197992900665e+19,0.5819013255337874,-18.287948608398438,0.2,-5.0,-6.1
22,256,-6.1,12.0,0.2,collision
23,268,-6.1,12.0,0.2,collision
24,277,-5.8,9.0,0.2,collision
25,284,-5.6,7.0,0.2,collision
26,293,-5.8,9.0,0.2,collision
27,303,-5.9,10.0,0.2,collision
28,312,-5.8,9.0,0.2,collision
29,323,-6.0,11.0,0.2,collision
30,338,-6.4,15.0,0.2,collision
31,347,-5.8,9.0,0.2,collision
32,354,-5.6,7.0,0.2,collision
33,371,-6.6000000000000005,17.0,0.2,collision
34,3,384,4.892860102856476e+21,0.5306094748278459,-18.287948608398438,0.2,-5.0,-6.2
34,384,-6.2,13.0,0.2,collision
35,391,-5.6,7.0,0.2,collision
36,399,-5.7,8.0,0.2,collision
37,408,-5.8,9.0,0.2,collision
38,418,-5.9,10.0,0.2,collision
39,428,-5.9,10.0,0.2,collision
40,438,-5.9,10.0,0.2,collision
41,452,-6.3,14.0,0.2,collision
42,462,-5.9,10.0,0.2,collision
43,473,-6.0,11.0,0.2,collision
44,495,-7.1000000000000005,22.0,0.2,collision
45,511,-6.5,16.0,0.2,collision
46,4,512,2.488949266319479e+19,0.50876742725571,-18.287948608398438,0.2,-0.1,-0.1
46,522,-6.0,11.0,0.2,collision
47,534,-6.1,12.0,0.2,collision
48,548,-6.3,14.0,0.2,collision
49,567,-6.800000000000001,19.0,0.2,collision
50,581,-6.3,14.0,0.2,collision
51,596,-6.4,15.0,0.2,collision
52,604,-5.7,8.0,0.2,collision
53,613,-5.8,9.0,0.2,collision
54,629,-6.5,16.0,0.2,collision
55,5,640,2.6006854310446865e+20,0.5902643091976643,-18.287948608398438,0.2,-5.0,-6.0
55,640,-6.0,11.0,0.2,collision
56,650,-5.9,10.0,0.2,collision
57,671,-2.1000000000000005,21.0,0.2,collision
58,683,-6.1,12.0,0.2,collision
59,694,-6.0,11.0,0.2,collision
60,708,-6.3,14.0,0.2,collision
61,725,-6.6000000000000005,17.0,0.2,collision
62,738,-6.2,13.0,0.2,collision
63,746,-5.7,8.0,0.2,collision
64,758,-6.1,12.0,0.2,collision
65,6,768,2.338333673239782e+22,0.5254747718572617,-18.287948608398438,0.2,-0.1,-0.9999999999999999
65,770,-6.1,12.0,0.2,collision
66,779,-5.8,9.0,0.2,collision
67,791,-6.1,12.0,0.2,collision
68,801,-5.9,10.0,0.2,collision
69,814,-6.2,13.0,0.2,collision
70,826,-6.1,12.0,0.2,collision
71,835,-5.8,9.0,0.2,collision
72,847,-6.1,12.0,0.2,collision
73,858,-6.0,11.0,0.2,collision
74,867,-5.8,9.0,0.2,collision
75,887,-6.9,20.0,0.2,collision
76,7,896,1.6871759179980776e+21,0.5604783544937769,-18.287948608398438,0.2,-0.1,-0.8999999999999999
76,897,-5.9,10.0,0.2,collision
0,11,-6.0,14.0,0.2,collision
1,23,-6.1,12.0,0.2,collision
2,33,-5.9,10.0,0.2,collision
3,43,-5.9,10.0,0.2,collision
4,61,-6.7,18.0,0.2,collision
5,69,-5.7,8.0,0.2,collision
6,78,-5.8,9.0,0.2,collision
7,97,-6.800000000000001,19.0,0.2,collision
8,122,-7.4,25.0,0.2,collision
9,1,128,1.2814684188746334e+21,0.5488468296825886,-18.287948608398438,0.2,-0.1,-0.6
9,135,-6.2,13.0,0.2,collision
10,146,-6.0,11.0,0.2,collision
11,157,-6.0,11.0,0.2,collision
12,177,-6.9,20.0,0.2,collision
13,189,-6.1,12.0,0.2,collision
0,9,-5.8,11.0,0.2,collision
1,24,-6.4,15.0,0.2,collision
2,34,-5.9,10.0,0.2,collision
3,44,-5.9,10.0,0.2,collision
4,57,-6.2,13.0,0.2,collision
5,66,-5.8,9.0,0.2,collision
6,97,-8.000000000000002,31.0,0.2,collision
7,120,-7.200000000000001,23.0,0.2,collision
8,1,128,1.3286422416531938e+21,0.5223922866086165,-18.287948608398438,0.2,-0.1,-0.7999999999999999
8,131,-6.0,11.0,0.2,collision
9,143,-6.1,12.0,0.2,collision
10,156,-6.2,13.0,0.2,collision
11,176,-6.9,20.0,0.2,collision
12,187,-6.0,11.0,0.2,collision
13,197,-5.9,10.0,0.2,collision
14,208,-6.0,11.0,0.2,collision
15,218,-5.9,10.0,0.2,collision
16,229,-6.0,11.0,0.2,collision
17,235,-5.5,6.0,0.2,collision
18,245,-5.9,10.0,0.2,collision
19,2,256,6.191708500700868e+18,0.5608663174013296,-18.287948608398438,0.2,-0.1,-1.0999999999999999
19,260,-6.4,15.0,0.2,collision
20,275,-6.4,15.0,0.2,collision
21,287,-6.1,12.0,0.2,collision
22,298,-6.0,11.0,0.2,collision
23,309,-6.0,11.0,0.2,collision
24,320,-1.0999999999999999,11.0,0.2,collision
25,333,-6.2,13.0,0.2,collision
26,344,-6.0,11.0,0.2,collision
27,356,-6.1,12.0,0.2,collision
28,369,-6.2,13.0,0.2,collision
29,379,-5.9,10.0,0.2,collision
30,3,384,9.281812749241335e+20,0.5160479385328168,-18.287948608398438,0.2,-0.1,-0.5
30,388,-5.8,9.0,0.2,collision
31,397,-5.8,9.0,0.2,collision
32,406,-5.8,9.0,0.2,collision
33,417,-6.0,11.0,0.2,collision
34,430,-6.2,13.0,0.2,collision
35,440,-5.9,10.0,0.2,collision
36,452,-6.1,12.0,0.2,collision
37,464,-6.1,12.0,0.2,collision
38,476,-6.1,12.0,0.2,collision
39,491,-6.4,15.0,0.2,collision
40,502,-6.0,11.0,0.2,collision
41,4,512,3.487497557213184e+19,0.6407668218016624,-18.287948608398438,0.2,-0.1,-0.9999999999999999
41,518,-6.5,16.0,0.2,collision
42,528,-5.9,10.0,0.2,collision
43,538,-5.9,10.0,0.2,collision
44,556,-6.7,18.0,0.2,collision
45,565,-5.8,9.0,0.2,collision
46,581,-6.5,16.0,0.2,collision
47,593,-6.1,12.0,0.2,collision
48,606,-6.2,13.0,0.2,collision
49,617,-6.0,11.0,0.2,collision
50,637,-6.9,20.0,0.2,collision
51,5,640,1.9537670470200292e+20,0.5634953379631042,-18.287948608398438,0.2,-0.1,-0.30000000000000004
51,648,-6.0,11.0,0.2,collision
52,664,-6.5,16.0,0.2,collision
53,676,-6.1,12.0,0.2,collision
54,686,-5.9,10.0,0.2,collision
55,695,-5.8,9.0,0.2,collision
56,709,-6.3,14.0,0.2,collision
57,722,-6.2,13.0,0.2,collision
58,733,-6.0,11.0,0.2,collision
59,753,-6.9,20.0,0.2,collision
60,763,-5.9,10.0,0.2,collision
61,6,768,3.475822358276953e+22,0.534530388812224,-18.287948608398438,0.2,-0.1,-0.5
61,771,-5.7,8.0,0.2,collision
62,780,-5.8,9.0,0.2,collision
63,793,-6.2,13.0,0.2,collision
64,803,-5.9,10.0,0.2,collision
65,813,-5.9,10.0,0.2,collision
66,823,-5.9,10.0,0.2,collision
67,835,-6.1,12.0,0.2,collision
68,843,-5.7,8.0,0.2,collision
69,850,-5.6,7.0,0.2,collision
70,861,-6.0,11.0,0.2,collision
71,874,-6.2,13.0,0.2,collision
72,885,-6.0,11.0,0.2,collision
73,895,-5.9,10.0,0.2,collision
74,7,896,1.0358083823089337e+21,0.568831592798233,-18.287948608398438,0.2,-0.1,-0.1
74,906,-6.0,11.0,0.2,collision
75,914,-5.7,8.0,0.2,collision
76,927,-6.2,13.0,0.2,collision
77,937,-5.9,10.0,0.2,collision
78,959,-7.1000000000000005,22.0,0.2,collision
79,970,-6.0,11.0,0.2,collision
80,983,-6.2,13.0,0.2,collision
81,992,-5.8,9.0,0.2,collision
82,1004,-6.1,12.0,0.2,collision
83,1015,-6.0,11.0,0.2,collision
84,8,1024,1.2715517085891284e+21,0.5480441525578499,-18.287948608398438,0.2,-0.1,-0.8999999999999999
84,1027,-6.1,12.0,0.2,collision
85,1036,-5.8,9.0,0.2,collision
86,1052,-6.5,16.0,0.2,collision
87,1061,-5.8,9.0,0.2,collision
88,1071,-5.9,10.0,0.2,collision
89,1083,-6.1,12.0,0.2,collision
90,1094,-6.0,11.0,0.2,collision
91,1104,-5.9,10.0,0.2,collision
92,1113,-5.8,9.0,0.2,collision
93,1125,-6.1,12.0,0.2,collision
94,1137,-6.1,12.0,0.2,collision
95,1151,-6.3,14.0,0.2,collision
96,9,1152,2.081823057051817e+21,0.5210656846563021,-18.287948608398438,0.2,-0.1,-0.1
96,1167,-6.5,16.0,0.2,collision
97,1179,-6.1,12.0,0.2,collision
98,1193,-6.3,14.0,0.2,collision
99,1202,-5.8,9.0,0.2,collision
100,1217,-6.4,15.0,0.2,collision
101,1238,-7.0,21.0,0.2,collision
102,1250,-6.1,12.0,0.2,collision
103,1261,-6.0,11.0,0.2,collision
104,1272,-6.0,11.0,0.2,collision
105,10,1280,4.835662718936568e+20,0.5254857651889324,-18.287948608398438,0.2,-0.1,-0.7999999999999999
105,1286,-6.3,14.0,0.2,collision
106,1297,-6.0,11.0,0.2,collision
107,1318,-7.0,21.0,0.2,collision
108,1331,-6.2,13.0,0.2,collision
109,1341,-5.9,10.0,0.2,collision
110,1359,-6.7,18.0,0.2,collision
111,1372,-6.2,13.0,0.2,collision
112,1379,-5.6,7.0,0.2,collision
113,1393,-6.3,14.0,0.2,collision
114,11,1408,9.7483859420068e+19,0.5944522581994534,-18.287948608398438,0.2,-0.1,-1.5000000000000002
114,1411,-6.7,18.0,0.2,collision
115,1422,-6.0,11.0,0.2,collision
116,1431,-5.8,9.0,0.2,collision
0,11,-6.0,21.0,0.2,collision
1,19,-5.7,8.0,0.2,collision
2,29,-5.9,10.0,0.2,collision
3,40,-6.0,11.0,0.2,collision
4,45,-5.4,5.0,0.2,collision
5,56,-6.0,11.0,0.2,collision
6,67,-6.0,11.0,0.2,collision
7,77,-5.9,10.0,0.2,collision
8,85,-5.7,8.0,0.2,collision
9,99,-6.3,14.0,0.2,collision
10,116,-6.6000000000000005,17.0,0.2,collision
11,126,-5.9,10.0,0.2,collision
12,1,128,1.0721706869789693e+21,0.555624800423781,-18.287948608398438,0.2,-0.1,-0.2
12,136,-5.9,10.0,0.2,collision
13,149,-6.2,13.0,0.2,collision
14,166,-1.7000000000000004,17.0,0.2,collision
15,175,-5.8,9.0,0.2,collision
16,186,-6.0,11.0,0.2,collision
17,196,-5.9,10.0,0.2,collision
18,206,-5.9,10.0,0.2,collision
19,216,-5.9,10.0,0.2,collision
20,230,-6.3,14.0,0.2,collision
21,247,-6.6000000000000005,17.0,0.2,collision
22,2,256,1.0249686378539105e+20,0.5950122028589249,-18.287948608398438,0.2,-0.1,-0.8999999999999999
22,258,-6.0,11.0,0.2,collision
23,267,-5.8,9.0,0.2,collision
24,278,-6.0,11.0,0.2,collision
25,291,-6.2,13.0,0.2,collision
26,309,-6.7,18.0,0.2,collision
27,320,-6.0,11.0,0.2,collision
28,330,-5.9,10.0,0.2,collision
29,341,-6.0,11.0,0.2,collision
30,349,-0.7999999999999999,8.0,0.2,collision
31,359,-5.9,10.0,0.2,collision
32,372,-6.2,13.0,0.2,collision
33,383,-6.0,11.0,0.2,collision
34,3,384,2.6693697744394335e+21,0.5045650973916054,-18.287948608398438,0.2,-0.1,-0.1
34,394,-6.0,11.0,0.2,collision
35,407,-6.2,13.0,0.2,collision
36,416,-5.8,9.0,0.2,collision
37,427,-6.0,11.0,0.2,collision
38,439,-6.1,12.0,0.2,collision
39,452,-6.2,13.0,0.2,collision
40,459,-5.6,7.0,0.2,collision
41,470,-6.0,11.0,0.2,collision
42,481,-6.0,11.0,0.2,collision
43,493,-6.1,12.0,0.2,collision
44,507,-6.3,14.0,0.2,collision
45,4,512,2.145079440262527e+19,0.5861757956445217,-18.287948608398438,0.2,-0.1,-0.5
45,517,-5.9,10.0,0.2,collision
46,527,-5.9,10.0,0.2,collision
47,537,-5.9,10.0,0.2,collision
48,549,-6.1,12.0,0.2,collision
49,560,-6.0,11.0,0.2,collision
50,571,-6.0,11.0,0.2,collision
51,582,-6.0,11.0,0.2,collision
52,593,-6.0,11.0,0.2,collision
53,605,-1.2,12.0,0.2,collision
54,615,-5.9,10.0,0.2,collision
55,632,-6.6000000000000005,17.0,0.2,collision
56,5,640,2.513598981515818e+20,0.5389159905413786,-18.287948608398438,0.2,-0.1,-0.7999999999999999
56,648,-6.5,16.0,0.2,collision
57,661,-6.2,13.0,0.2,collision
58,671,-5.9,10.0,0.2,collision
59,685,-6.3,14.0,0.2,collision
60,697,-6.1,12.0,0.2,collision
61,709,-6.1,12.0,0.2,collision
62,719,-5.9,10.0,0.2,collision
63,734,-6.4,15.0,0.2,collision
64,747,-6.2,13.0,0.2,collision
65,758,-6.0,11.0,0.2,collision
66,6,768,7.055239270929511e+22,0.5246253522733847,-18.287948608398438,0.2,-0.1,-0.9999999999999999
66,768,-0.9999999999999999,10.0,0.2,collision
67,777,-5.8,9.0,0.2,collision
68,798,-7.0,21.0,0.2,collision
69,812,-6.3,14.0,0.2,collision
70,828,-6.5,16.0,0.2,collision
71,847,-6.800000000000001,19.0,0.2,collision
72,860,-6.2,13.0,0.2,collision
73,871,-6.0,11.0,0.2,collision
74,887,-6.5,16.0,0.2,collision
75,7,896,7.769813352979614e+20,0.68779439975818,-18.287948608398438,0.2,-0.1,-0.8999999999999999
75,899,-6.1,12.0,0.2,collision
76,910,-6.0,11.0,0.2,collision
77,919,-5.8,9.0,0.2,collision
78,931,-6.1,12.0,0.2,collision
79,944,-6.2,13.0,0.2,collision
80,955,-6.0,11.0,0.2,collision
81,966,-1.0999999999999999,11.0,0.2,collision
82,977,-6.0,11.0,0.2,collision
83,993,-6.5,16.0,0.2,collision
84,1005,-6.1,12.0,0.2,collision
85,1021,-6.5,16.0,0.2,collision
86,8,1024,7.706056476398078e+20,0.5244790607442459,-18.287948608398438,0.2,-0.1,-0.30000000000000004
86,1032,-6.0,11.0,0.2,collision
87,1042,-5.9,10.0,0.2,collision
88,1053,-6.0,11.0,0.2,collision
89,1068,-6.4,15.0,0.2,collision
90,1081,-6.2,13.0,0.2,collision
91,1092,-6.0,11.0,0.2,collision
92,1103,-6.0,11.0,0.2,collision
93,1131,-7.700000000000001,28.0,0.2,collision
94,1142,-6.0,11.0,0.2,collision
95,9,1152,5.715680561086803e+21,0.5251278653740883,-18.287948608398438,0.2,-0.1,-0.9999999999999999
95,1154,-6.1,12.0,0.2,collision
96,1165,-6.0,11.0,0.2,collision
97,1177,-6.1,12.0,0.2,collision
98,1189,-6.1,12.0,0.2,collision
99,1203,-6.3,14.0,0.2,collision
100,1214,-6.0,11.0,0.2,collision
101,1223,-5.8,9.0,0.2,collision
102,1236,-6.2,13.0,0.2,collision
103,1249,-6.2,13.0,0.2,collision
104,1260,-6.0,11.0,0.2,collision
105,1272,-6.1,12.0,0.2,collision
106,1279,-5.6,7.0,0.2,collision
107,10,1280,2.6411503881885965e+20,1.1295321234501898,-18.287948608398438,0.2,-0.1,-0.1
107,1292,-6.2,13.0,0.2,collision
108,1303,-6.0,11.0,0.2,collision
109,1318,-6.4,15.0,0.2,collision
110,1325,-5.6,7.0,0.2,collision
111,1343,-6.7,18.0,0.2,collision
112,1356,-6.2,13.0,0.2,collision
113,1367,-6.0,11.0,0.2,collision
114,1379,-6.1,12.0,0.2,collision
115,1391,-6.1,12.0,0.2,collision
116,1406,-6.4,15.0,0.2,collision
117,11,1408,2.0978466864331384e+20,0.5960944245258967,-18.287948608398438,0.2,-0.1,-0.2
117,1416,-5.9,10.0,0.2,collision
118,1431,-6.4,15.0,0.2,collision
119,1442,-6.0,11.0,0.2,collision
120,1456,-6.3,14.0,0.2,collision
121,1471,-6.4,15.0,0.2,collision
122,1482,-6.0,11.0,0.2,collision
123,1502,-2.0000000000000004,20.0,0.2,collision
124,1514,-6.1,12.0,0.2,collision
125,1532,-6.7,18.0,0.2,collision
126,12,1536,4.717165736947732e+20,0.5341359314819177,-18.287948608398438,0.2,-0.1,-0.4
126,1541,-5.8,9.0,0.2,collision
127,1555,-6.3,14.0,0.2,collision
128,1568,-6.2,13.0,0.2,collision
129,1578,-5.9,10.0,0.2,collision
130,1589,-6.0,11.0,0.2,collision
131,1607,-6.7,18.0,0.2,collision
132,1630,-7.200000000000001,23.0,0.2,collision
133,1640,-5.9,10.0,0.2,collision
134,1650,-5.9,10.0,0.2,collision
135,13,1664,8.031609934401079e+22,0.5192888031403223,-18.287948608398438,0.2,-0.1,-1.4000000000000001
135,1666,-6.5,16.0,0.2,collision
136,1675,-5.8,9.0,0.2,collision
137,1687,-6.1,12.0,0.2,collision
138,1704,-6.6000000000000005,17.0,0.2,collision
139,1715,-6.0,11.0,0.2,collision
140,1725,-5.9,10.0,0.2,collision
141,1742,-6.6000000000000005,17.0,0.2,collision
142,1752,-5.9,10.0,0.2,collision
143,1763,-6.0,11.0,0.2,collision
144,1774,-6.0,11.0,0.2,collision
145,1785,-6.0,11.0,0.2,collision
146,14,1792,5.961450154422698e+18,1.4408486081908147,-18.287948608398438,0.2,-0.1,-0.7
146,1794,-5.8,9.0,0.2,collision
147,1805,-6.0,11.0,0.2,collision
148,1821,-6.5,16.0,0.2,collision
149,1834,-6.2,13.0,0.2,collision
150,1841,-5.6,7.0,0.2,collision
151,1850,-5.8,9.0,0.2,collision
152,1859,-5.8,9.0,0.2,collision
153,1870,-6.0,11.0,0.2,collision
154,1879,-0.8999999999999999,9.0,0.2,collision
155,1888,-5.8,9.0,0.2,collision
156,1900,-6.1,12.0,0.2,collision
157,1908,-5.7,8.0,0.2,collision
158,1917,-5.8,9.0,0.2,collision
159,15,1920,2.3942350069765138e+20,0.5314328161378702,-18.287948608398438,0.2,-0.1,-0.30000000000000004
159,1925,-5.7,8.0,0.2,collision
160,1938,-6.2,13.0,0.2,collision
161,1952,-6.3,14.0,0.2,collision
162,1964,-6.1,12.0,0.2,collision
163,1974,-0.9999999999999999,10.0,0.2,collision
164,1983,-5.8,9.0,0.2,collision
165,2000,-6.6000000000000005,17.0,0.2,collision
166,2010,-5.9,10.0,0.2,collision
167,2021,-6.0,11.0,0.2,collision
168,2032,-6.0,11.0,0.2,collision
169,2043,-6.0,11.0,0.2,collision
170,16,2048,3.3613349088261717e+21,0.5018635044495264,-18.287948608398438,0.2,-0.1,-0.5
170,2054,-6.0,11.0,0.2,collision
171,2067,-6.2,13.0,0.2,collision
172,2080,-6.2,13.0,0.2,collision
173,2089,-5.8,9.0,0.2,collision
174,2106,-6.6000000000000005,17.0,0.2,collision
175,2119,-6.2,13.0,0.2,collision
176,2131,-6.1,12.0,0.2,collision
177,2142,-6.0,11.0,0.2,collision
178,2154,-6.1,12.0,0.2,collision
179,2163,-5.8,9.0,0.2,collision
180,2170,-5.6,7.0,0.2,collision
181,17,2176,1.1264716202849417e+21,0.5583801766236623,-18.287948608398438,0.2,-0.1,-0.6
181,2181,-6.0,11.0,0.2,collision
182,2191,-5.9,10.0,0.2,collision
183,2204,-6.2,13.0,0.2,collision
184,2214,-5.9,10.0,0.2,collision
185,2227,-6.2,13.0,0.2,collision
186,2235,-0.7999999999999999,8.0,0.2,collision
187,2242,-5.6,7.0,0.2,collision
188,2253,-6.0,11.0,0.2,collision
189,2269,-6.5,16.0,0.2,collision
190,2280,-6.0,11.0,0.2,collision
191,2291,-6.0,11.0,0.2,collision
192,2300,-5.8,9.0,0.2,collision
193,18,2304,9.361148889867446e+21,0.5414116382598877,-18.287948608398438,0.2,-0.1,-0.4
193,2311,-6.0,11.0,0.2,collision
194,2324,-6.2,13.0,0.2,collision
195,2333,-5.8,9.0,0.2,collision
196,2345,-6.1,12.0,0.2,collision
197,2355,-5.9,10.0,0.2,collision
198,2364,-5.8,9.0,0.2,collision
199,2375,-6.0,11.0,0.2,collision
200,2387,-6.1,12.0,0.2,collision
201,2408,-7.0,21.0,0.2,collision
202,2419,-6.0,11.0,0.2,collision
203,19,2432,1.8743907438643928e+21,0.552333782116572,-18.287948608398438,0.2,-0.1,-1.3
203,2434,-1.5000000000000002,15.0,0.2,collision
204,2440,-5.5,6.0,0.2,collision
205,2451,-6.0,11.0,0.2,collision
206,2461,-5.9,10.0,0.2,collision
207,2471,-5.9,10.0,0.2,collision
208,2480,-5.8,9.0,0.2,collision
209,2499,-6.800000000000001,19.0,0.2,collision
210,2511,-6.1,12.0,0.2,collision
211,2522,-6.0,11.0,0.2,collision
212,2532,-5.9,10.0,0.2,collision
213,2543,-6.0,11.0,0.2,collision
214,2553,-5.9,10.0,0.2,collision
215,20,2560,6.061906971107771e+20,0.5251308791339397,-18.287948608398438,0.2,-0.1,-0.7
215,2562,-5.8,9.0,0.2,collision
216,2576,-6.3,14.0,0.2,collision
217,2587,-6.0,11.0,0.2,collision
218,2597,-5.9,10.0,0.2,collision
219,2607,-5.9,10.0,0.2,collision
220,2619,-6.1,12.0,0.2,collision
221,2631,-6.1,12.0,0.2,collision
222,2640,-5.8,9.0,0.2,collision
223,2651,-6.0,11.0,0.2,collision
224,2672,-7.0,21.0,0.2,collision
225,2687,-6.4,15.0,0.2,collision
226,21,2688,9.159576371608288e+20,0.5266960027317206,-18.287948608398438,0.2,-0.1,-0.1
226,2700,-6.2,13.0,0.2,collision
227,2713,-6.2,13.0,0.2,collision
228,2722,-5.8,9.0,0.2,collision
229,2734,-6.1,12.0,0.2,collision
230,2745,-6.0,11.0,0.2,collision
231,2756,-6.0,11.0,0.2,collision
232,2767,-6.0,11.0,0.2,collision
233,2786,-6.800000000000001,19.0,0.2,collision
234,2800,-6.3,14.0,0.2,collision
235,2810,-5.9,10.0,0.2,collision
236,22,2816,5.7678297267560356e+20,0.4798880269130071,-18.287948608398438,0.2,-0.1,-0.6
236,2819,-5.8,9.0,0.2,collision
237,2831,-1.2,12.0,0.2,collision
238,2840,-5.8,9.0,0.2,collision
239,2851,-6.0,11.0,0.2,collision
240,2865,-6.3,14.0,0.2,collision
241,2881,-1.6000000000000003,16.0,0.2,collision
242,2891,-0.9999999999999999,10.0,0.2,collision
243,2899,-5.7,8.0,0.2,collision
244,2911,-1.2,12.0,0.2,collision
245,2919,-5.7,8.0,0.2,collision
246,2930,-6.0,11.0,0.2,collision
247,23,2944,1.94206271991119e+20,0.4958550917605559,-18.287948608398438,0.2,-0.1,-1.4000000000000001
247,2949,-6.800000000000001,19.0,0.2,collision
248,2960,-6.0,11.0,0.2,collision
249,2972,-6.1,12.0,0.2,collision
250,2982,-5.9,10.0,0.2,collision
251,2999,-6.6000000000000005,17.0,0.2,collision
252,3024,-7.4,25.0,0.2,collision
253,3044,-6.9,20.0,0.2,collision
254,3055,-6.0,11.0,0.2,collision
255,3066,-6.0,11.0,0.2,collision
256,24,3072,8.951488769761057e+19,0.5474303041895231,-18.287948608398438,0.2,-0.1,-0.6
256,3078,-6.1,12.0,0.2,collision
257,3089,-6.0,11.0,0.2,collision
258,3098,-5.8,9.0,0.2,collision
259,3109,-6.0,11.0,0.2,collision
260,3122,-6.2,13.0,0.2,collision
261,3143,-7.0,21.0,0.2,collision
262,3158,-6.4,15.0,0.2,collision
263,3182,-7.300000000000001,24.0,0.2,collision
264,3195,-6.2,13.0,0.2,collision
265,25,3200,7.32752377847408e+17,0.575514666736126,-18.287948608398438,0.2,-0.1,-0.5
265,3207,-1.2,12.0,0.2,collision
266,3224,-1.7000000000000004,17.0,0.2,collision
267,3233,-5.8,9.0,0.2,collision
268,3246,-1.3,13.0,0.2,collision
269,3253,-5.6,7.0,0.2,collision
270,3269,-6.5,16.0,0.2,collision
271,3279,-5.9,10.0,0.2,collision
272,3292,-6.2,13.0,0.2,collision
273,3301,-5.8,9.0,0.2,collision
274,3314,-6.2,13.0,0.2,collision
275,3326,-6.1,12.0,0.2,collision
276,26,3328,1.1008772376581846e+20,0.48938075204690296,-18.287948608398438,0.2,-0.1,-0.2
276,3336,-5.9,10.0,0.2,collision
277,3361,-7.4,25.0,0.2,collision
278,3375,-6.3,14.0,0.2,collision
279,3386,-1.0999999999999999,11.0,0.2,collision
280,3397,-6.0,11.0,0.2,collision
281,3413,-6.5,16.0,0.2,collision
282,3424,-6.0,11.0,0.2,collision
283,3437,-6.2,13.0,0.2,collision
284,3447,-5.9,10.0,0.2,collision
285,27,3456,1.1483698186632483e+21,0.5585992981990179,-18.287948608398438,0.2,-0.1,-0.8999999999999999
285,3458,-6.0,11.0,0.2,collision
286,3473,-6.4,15.0,0.2,collision
287,3483,-5.9,10.0,0.2,collision
288,3495,-6.1,12.0,0.2,collision
289,3504,-5.8,9.0,0.2,collision
290,3522,-6.7,18.0,0.2,collision
291,3534,-6.1,12.0,0.2,collision
292,3544,-5.9,10.0,0.2,collision
293,3555,-6.0,11.0,0.2,collision
294,3569,-6.3,14.0,0.2,collision
295,3581,-6.1,12.0,0.2,collision
296,28,3584,3.2192619020949565e+19,0.6032440662384033,-18.287948608398438,0.2,-0.1,-0.30000000000000004
296,3591,-0.9999999999999999,10.0,0.2,collision
297,3601,-5.9,10.0,0.2,collision
298,3614,-6.2,13.0,0.2,collision
299,3626,-6.1,12.0,0.2,collision
300,3637,-6.0,11.0,0.2,collision
301,3650,-6.2,13.0,0.2,collision
302,3665,-6.4,15.0,0.2,collision
303,3677,-6.1,12.0,0.2,collision
304,3699,-7.1000000000000005,22.0,0.2,collision
305,29,3712,1.4601541563469359e+20,0.6783434922496477,-18.287948608398438,0.2,-0.1,-1.3
305,3715,-6.5,16.0,0.2,collision
306,3724,-5.8,9.0,0.2,collision
307,3734,-5.9,10.0,0.2,collision
308,3747,-6.2,13.0,0.2,collision
309,3763,-1.6000000000000003,16.0,0.2,collision
310,3772,-5.8,9.0,0.2,collision
311,3783,-6.0,11.0,0.2,collision
312,3799,-6.5,16.0,0.2,collision
313,3814,-6.4,15.0,0.2,collision
314,3829,-6.4,15.0,0.2,collision
315,3839,-5.9,10.0,0.2,collision
316,30,3840,4.020173808034627e+19,0.7527144861718019,-18.287948608398438,0.2,-0.1,-0.1
316,3854,-6.4,15.0,0.2,collision
317,3870,-6.5,16.0,0.2,collision
318,3881,-6.0,11.0,0.2,collision
319,3890,-5.8,9.0,0.2,collision
320,3901,-6.0,11.0,0.2,collision
321,3913,-6.1,12.0,0.2,collision
322,3936,-7.200000000000001,23.0,0.2,collision
323,3950,-6.3,14.0,0.2,collision
324,3960,-5.9,10.0,0.2,collision
325,31,3968,1.353191006439151e+19,0.5874615162611008,-18.287948608398438,0.2,-0.1,-0.7999999999999999
325,3973,-6.2,13.0,0.2,collision
326,3984,-6.0,11.0,0.2,collision
327,3994,-5.9,10.0,0.2,collision
328,4006,-6.1,12.0,0.2,collision
329,4015,-5.8,9.0,0.2,collision
330,4026,-6.0,11.0,0.2,collision
331,4040,-6.3,14.0,0.2,collision
332,4052,-6.1,12.0,0.2,collision
333,4067,-6.4,15.0,0.2,collision
334,4080,-6.2,13.0,0.2,collision
335,4092,-6.1,12.0,0.2,collision
336,32,4096,1.1286938652133946e+22,0.520099633683761,-18.287948608398438,0.2,-0.1,-0.4
336,4106,-6.3,14.0,0.2,collision
337,4121,-6.4,15.0,0.2,collision
338,4133,-1.2,12.0,0.2,collision
339,4146,-6.2,13.0,0.2,collision
340,4159,-6.2,13.0,0.2,collision
341,4170,-6.0,11.0,0.2,collision
342,4184,-6.3,14.0,0.2,collision
343,4197,-6.2,13.0,0.2,collision
344,4208,-6.0,11.0,0.2,collision
345,4218,-5.9,10.0,0.2,collision
346,33,4224,1.8393177875709612e+22,0.532633151859045,-18.287948608398438,0.2,-0.1,-0.6
346,4238,-6.9,20.0,0.2,collision
347,4250,-6.1,12.0,0.2,collision
348,4261,-6.0,11.0,0.2,collision
349,4271,-5.9,10.0,0.2,collision
350,4289,-6.7,18.0,0.2,collision
351,4301,-6.1,12.0,0.2,collision
352,4314,-6.2,13.0,0.2,collision
353,4326,-6.1,12.0,0.2,collision
354,4346,-6.9,20.0,0.2,collision
355,34,4352,4.759629302962882e+21,0.6059075432519118,-18.287948608398438,0.2,-0.1,-0.6
355,4356,-5.9,10.0,0.2,collision
356,4366,-5.9,10.0,0.2,collision
357,4377,-6.0,11.0,0.2,collision
358,4389,-6.1,12.0,0.2,collision
359,4400,-6.0,11.0,0.2,collision
360,4412,-6.1,12.0,0.2,collision
361,4427,-6.4,15.0,0.2,collision
362,4437,-5.9,10.0,0.2,collision
363,4448,-1.0999999999999999,11.0,0.2,collision
364,4456,-5.7,8.0,0.2,collision
365,4466,-5.9,10.0,0.2,collision
366,35,4480,2.7730481537736856e+19,1.4497584315637748,-18.287948608398438,0.2,-0.1,-1.4000000000000001
366,4482,-6.5,16.0,0.2,collision
367,4493,-6.0,11.0,0.2,collision
368,4504,-6.0,11.0,0.2,collision
369,4516,-6.1,12.0,0.2,collision
370,4527,-6.0,11.0,0.2,collision
371,4539,-6.1,12.0,0.2,collision
372,4561,-7.1000000000000005,22.0,0.2,collision
373,4571,-5.9,10.0,0.2,collision
374,4582,-6.0,11.0,0.2,collision
375,4600,-6.7,18.0,0.2,collision
376,36,4608,1.607425737826966e+21,0.5566865454117457,-18.287948608398438,0.2,-0.1,-0.7999999999999999
376,4620,-6.9,20.0,0.2,collision
377,4631,-6.0,11.0,0.2,collision
378,4641,-5.9,10.0,0.2,collision
0,12,-6.1,13.0,0.2,collision
1,24,-6.1,12.0,0.2,collision
2,35,-6.0,11.0,0.2,collision
3,45,-5.9,10.0,0.2,collision
4,54,-5.8,9.0,0.2,collision
5,66,-6.1,12.0,0.2,collision
6,78,-6.1,12.0,0.2,collision
7,89,-6.0,11.0,0.2,collision
8,100,-6.0,11.0,0.2,collision
9,122,-7.1000000000000005,22.0,0.2,collision
10,1,128,1.0488026927998467e+21,0.5177215586105982,-18.287948608398438,0.2,-0.1,-0.6
10,130,-5.7,8.0,0.2,collision
11,145,-6.4,15.0,0.2,collision
12,158,-6.2,13.0,0.2,collision
13,178,-6.9,20.0,0.2,collision
14,191,-1.3,13.0,0.2,collision
15,204,-6.2,13.0,0.2,collision
16,218,-6.3,14.0,0.2,collision
17,231,-6.2,13.0,0.2,collision
18,242,-6.0,11.0,0.2,collision
19,254,-6.1,12.0,0.2,collision
20,2,256,7.355619511048165e+19,0.5315981383124987,-18.287948608398438,0.2,-0.1,-0.2
20,265,-6.0,11.0,0.2,collision
21,277,-6.1,12.0,0.2,collision
22,290,-6.2,13.0,0.2,collision
23,310,-6.9,20.0,0.2,collision
24,320,-5.9,10.0,0.2,collision
25,332,-6.1,12.0,0.2,collision
26,346,-6.3,14.0,0.2,collision
27,358,-1.2,12.0,0.2,collision
28,367,-5.8,9.0,0.2,collision
29,377,-5.9,10.0,0.2,collision
30,3,384,1.5003550217069385e+21,0.5389722970624765,-18.287948608398438,0.2,-0.1,-0.7
30,387,-5.9,10.0,0.2,collision
31,396,-5.8,9.0,0.2,collision
32,409,-6.2,13.0,0.2,collision
33,419,-5.9,10.0,0.2,collision
34,433,-6.3,14.0,0.2,collision
35,444,-6.0,11.0,0.2,collision
36,455,-6.0,11.0,0.2,collision
37,468,-6.2,13.0,0.2,collision
38,478,-5.9,10.0,0.2,collision
39,488,-5.9,10.0,0.2,collision
40,498,-5.9,10.0,0.2,collision
41,510,-6.1,12.0,0.2,collision
42,4,512,3.0253789667763945e+19,0.5462271347641945,-18.287948608398438,0.2,-0.1,-0.2
42,519,-5.8,9.0,0.2,collision
0,15,-6.4,17.0,0.2,collision
1,26,-6.0,11.0,0.2,collision
2,41,-1.5000000000000002,15.0,0.2,collision
3,51,-0.9999999999999999,10.0,0.2,collision
4,58,-5.6,7.0,0.2,collision
5,78,-6.9,20.0,0.2,collision
6,89,-1.0999999999999999,11.0,0.2,collision
7,99,-5.9,10.0,0.2,collision
8,121,-7.1000000000000005,22.0,0.2,collision
9,1,128,1.58396790336034e+21,0.5564602563778559,-18.287948608398438,0.2,-0.1,-0.7
9,130,-5.8,9.0,0.2,collision
10,142,-6.1,12.0,0.2,collision
11,150,-5.7,8.0,0.2,collision
12,173,-7.200000000000001,23.0,0.2,collision
13,186,-6.2,13.0,0.2,collision
14,195,-5.8,9.0,0.2,collision
15,205,-5.9,10.0,0.2,collision
16,216,-6.0,11.0,0.2,collision
17,226,-5.9,10.0,0.2,collision
18,242,-6.5,16.0,0.2,collision
19,252,-0.9999999999999999,10.0,0.2,collision
20,2,256,1.2537516370101273e+19,0.524244607736667,-18.287948608398438,0.2,-0.1,-0.4
20,261,-5.8,9.0,0.2,collision
21,273,-6.1,12.0,0.2,collision
22,283,-5.9,10.0,0.2,collision
23,294,-6.0,11.0,0.2,collision
24,310,-6.5,16.0,0.2,collision
25,329,-6.800000000000001,19.0,0.2,collision
26,342,-6.2,13.0,0.2,collision
27,353,-6.0,11.0,0.2,collision
28,369,-6.5,16.0,0.2,collision
29,381,-6.1,12.0,0.2,collision
30,3,384,2.822344036804434e+21,0.5869818019370238,-18.287948608398438,0.2,-0.1,-0.30000000000000004
30,391,-5.9,10.0,0.2,collision
31,400,-5.8,9.0,0.2,collision
32,412,-1.2,12.0,0.2,collision
33,421,-0.8999999999999999,9.0,0.2,collision
34,431,-5.9,10.0,0.2,collision
35,447,-6.5,16.0,0.2,collision
36,459,-6.1,12.0,0.2,collision
37,478,-1.9000000000000006,19.0,0.2,collision
38,491,-6.2,13.0,0.2,collision
39,501,-0.9999999999999999,10.0,0.2,collision
40,511,-5.9,10.0,0.2,collision
41,4,512,1.561977689381195e+19,0.6430325309435526,-18.287948608398438,0.2,-0.1,-0.1
41,520,-5.8,9.0,0.2,collision
42,529,-5.8,9.0,0.2,collision
43,543,-6.3,14.0,0.2,collision
44,561,-1.8000000000000005,18.0,0.2,collision
45,568,-5.6,7.0,0.2,collision
46,582,-1.4000000000000001,14.0,0.2,collision
47,594,-6.1,12.0,0.2,collision
48,609,-6.4,15.0,0.2,collision
49,621,-6.1,12.0,0.2,collision
50,638,-6.6000000000000005,17.0,0.2,collision
51,5,640,1.2320001642819268e+20,0.5572587127486864,-18.287948608398438,0.2,-0.1,-0.2
51,649,-6.0,11.0,0.2,collision
52,666,-6.6000000000000005,17.0,0.2,collision
0,9,-0.8999999999999999,11.0,0.2,collision
1,18,-0.8999999999999999,9.0,0.2,collision
2,27,-5.8,9.0,0.2,collision
3,36,-5.8,9.0,0.2,collision
4,46,-5.9,10.0,0.2,collision
5,55,-5.8,9.0,0.2,collision
6,68,-6.2,13.0,0.2,collision
7,78,-5.9,10.0,0.2,collision
8,90,-1.2,12.0,0.2,collision
9,99,-0.8999999999999999,9.0,0.2,collision
10,118,-6.800000000000001,19.0,0.2,collision
11,1,128,8.210728330894231e+20,0.4927854612469673,-18.287948608398438,0.2,-0.1,-0.9999999999999999
11,130,-6.1,12.0,0.2,collision
12,141,-1.0999999999999999,11.0,0.2,collision
13,156,-6.4,15.0,0.2,collision
14,176,-6.9,20.0,0.2,collision
15,184,-5.7,8.0,0.2,collision
16,196,-1.2,12.0,0.2,collision
17,205,-0.8999999999999999,9.0,0.2,collision
18,215,-5.9,10.0,0.2,collision
19,229,-6.3,14.0,0.2,collision
20,245,-6.5,16.0,0.2,collision
21,255,-5.9,10.0,0.2,collision
22,2,256,9.804967745795654e+18,0.5442957120637099,-18.287948608398438,0.2,-0.1,-0.1
22,269,-6.3,14.0,0.2,collision
23,280,-6.0,11.0,0.2,collision
24,289,-5.8,9.0,0.2,collision
25,300,-1.0999999999999999,11.0,0.2,collision
26,309,-0.8999999999999999,9.0,0.2,collision
27,317,-0.7999999999999999,8.0,0.2,collision
28,326,-5.8,9.0,0.2,collision
29,336,-5.9,10.0,0.2,collision
30,345,-5.8,9.0,0.2,collision
31,358,-6.2,13.0,0.2,collision
32,373,-6.4,15.0,0.2,collision
33,383,-5.9,10.0,0.2,collision
34,3,384,2.5403391784199646e+21,0.47314466908574104,-18.287948608398438,0.2,-0.1,-0.1
34,394,-6.0,11.0,0.2,collision
35,409,-6.4,15.0,0.2,collision
36,420,-6.0,11.0,0.2,collision
37,434,-6.3,14.0,0.2,collision
38,442,-5.7,8.0,0.2,collision
39,454,-6.1,12.0,0.2,collision
40,465,-6.0,11.0,0.2,collision
